May-25,Jun-25,Jul-25,Aug-25,Sep-25,Jun-25_MoM_change,Jul-25_MoM_change,Aug-25_MoM_change,Sep-25_MoM_change,Jun-25_MoM_pct_change,Jul-25_MoM_pct_change,Aug-25_MoM_pct_change,Sep-25_MoM_pct_change,avg_credit,max_credit,min_credit,credit_range,credit_trend,credit_std_dev,Credit_Type_Consumer credit,Credit_Type_Household credit,Credit_Type_Residential mortgage credit,Credit_Type_Total business and household credit,risk_score,credit_risk,credit_risk_binary,Predicted Credit Risk,Credit_Type
1.0,1.0,1.0,1.0,1.0,-6821.0,-5190.0,-1516.0,18385.0,-0.1474272741105516,-0.1123408963937706,-0.0328517033803232,0.3985336735483544,4621187.8,4631546.0,4613161.0,18385.0,4858.0,7843.9316480958705,False,False,False,True,5379.445530782645,Low,Low,Low,Total business and household credit
0.4173228641380955,0.4191311063236345,0.4211985181455094,0.4235376727825843,0.4254315709657063,2503.0,6350.0,9152.0,16784.0,0.1091486449302569,0.2766033629741787,0.3975576614991121,0.7262003246786962,2306033.0,2327992.0,2293203.0,34789.0,34789.0,14107.18490698977,False,True,False,False,17490.43769355982,High,High,High,Household credit
0.2620271102049682,0.2645049710335451,0.2662397566883425,0.2682953520711622,0.2701992172982572,5739.0,5894.0,8375.0,14348.0,0.3433894978698961,0.3514569602371827,0.497649016912936,0.8483475315853953,1685627.2,1705636.0,1671280.0,34356.0,34356.0,13413.676516898711,False,False,True,False,17013.807927955673,High,High,High,Residential mortgage credit
0.0,0.0,0.0,0.0,0.0,-3236.0,456.0,777.0,2436.0,-0.520321647535145,0.0737044741525197,0.1254960485703626,0.3929539295392954,620405.8,622356.0,618687.0,3669.0,433.0,1650.0086969467768,True,False,False,False,954.9829392592962,Low,Low,Low,Consumer credit
0.4273816316313191,0.4262430083125478,0.4238432209561975,0.4212200065059934,0.4193360753668447,-9324.0,-11539.0,-10670.0,1601.0,-0.3995738564533921,-0.4964800216163933,-0.4613808649312923,0.0695496389370243,2315155.6,2333486.0,2301953.0,31533.0,-29932.0,13531.801775816848,False,False,False,False,15745.514797836213,Medium,High,High,Consumer credit
